,feature,nmi
0,SC,0.2900841512929324
1,CR,0.09864330593407793
2,OS,0.1414688904451911
3,MP,0.28868363506439426
