,feature,pearson r
0,SC,0.49072107926765496
1,CR,0.0735429588739987
2,OS,-0.5060134624207157
3,MP,0.2829559125960582
